==395205== NVPROF is profiling process 395205, command: /home/dengxiao/miniconda3/envs/nanovllm/bin/python -E -s -B -m scripts.profile_attention --impl cuda_fa2 --seq-len 16384 --head-dim 64 --warmup 5 --threads 1 --no-causal
==395205== Some kernel(s) will be replayed on device 0 in order to collect all events/metrics.
==395205== Profiling application: /home/dengxiao/miniconda3/envs/nanovllm/bin/python -E -s -B -m scripts.profile_attention --impl cuda_fa2 --seq-len 16384 --head-dim 64 --warmup 5 --threads 1 --no-causal
==395205== Profiling result:
==395205== Metric result:
"Device","Kernel","Invocations","Metric Name","Metric Description","Min","Max","Avg"
"NVIDIA GeForce GTX 1060 (0)","_GLOBAL__N__c5035a89_14_fa2_forward_cu_26943507::fa2_forward_fp32_kernel(float const *, float const *, float const *, float*, int, int, float, bool)",1,"achieved_occupancy","Achieved Occupancy",0.994933,0.994933,0.994933
"NVIDIA GeForce GTX 1060 (0)","_GLOBAL__N__c5035a89_14_fa2_forward_cu_26943507::fa2_forward_fp32_kernel(float const *, float const *, float const *, float*, int, int, float, bool)",1,"warp_execution_efficiency","Warp Execution Efficiency",92.145628%,92.145628%,92.145628%
"NVIDIA GeForce GTX 1060 (0)","_GLOBAL__N__c5035a89_14_fa2_forward_cu_26943507::fa2_forward_fp32_kernel(float const *, float const *, float const *, float*, int, int, float, bool)",1,"eligible_warps_per_cycle","Eligible Warps Per Active Cycle",3.090951,3.090951,3.090951
"NVIDIA GeForce GTX 1060 (0)","_GLOBAL__N__c5035a89_14_fa2_forward_cu_26943507::fa2_forward_fp32_kernel(float const *, float const *, float const *, float*, int, int, float, bool)",1,"issue_slot_utilization","Issue Slot Utilization",53.916244%,53.916244%,53.916244%
"NVIDIA GeForce GTX 1060 (0)","_GLOBAL__N__c5035a89_14_fa2_forward_cu_26943507::fa2_forward_fp32_kernel(float const *, float const *, float const *, float*, int, int, float, bool)",1,"stall_sync","Issue Stall Reasons (Synchronization)",45.104406%,45.104406%,45.104406%
"NVIDIA GeForce GTX 1060 (0)","_GLOBAL__N__c5035a89_14_fa2_forward_cu_26943507::fa2_forward_fp32_kernel(float const *, float const *, float const *, float*, int, int, float, bool)",1,"stall_memory_dependency","Issue Stall Reasons (Data Request)",9.366298%,9.366298%,9.366298%
"NVIDIA GeForce GTX 1060 (0)","_GLOBAL__N__c5035a89_14_fa2_forward_cu_26943507::fa2_forward_fp32_kernel(float const *, float const *, float const *, float*, int, int, float, bool)",1,"stall_exec_dependency","Issue Stall Reasons (Execution Dependency)",20.653300%,20.653300%,20.653300%
"NVIDIA GeForce GTX 1060 (0)","_GLOBAL__N__c5035a89_14_fa2_forward_cu_26943507::fa2_forward_fp32_kernel(float const *, float const *, float const *, float*, int, int, float, bool)",1,"dram_read_throughput","Device Memory Read Throughput",1.469597GB/s,1.469597GB/s,1.469597GB/s
"NVIDIA GeForce GTX 1060 (0)","_GLOBAL__N__c5035a89_14_fa2_forward_cu_26943507::fa2_forward_fp32_kernel(float const *, float const *, float const *, float*, int, int, float, bool)",1,"dram_write_throughput","Device Memory Write Throughput",1.710856MB/s,1.710856MB/s,1.710855MB/s
"NVIDIA GeForce GTX 1060 (0)","_GLOBAL__N__c5035a89_14_fa2_forward_cu_26943507::fa2_forward_fp32_kernel(float const *, float const *, float const *, float*, int, int, float, bool)",1,"l2_read_throughput","L2 Throughput (Reads)",28.813287GB/s,28.813287GB/s,28.813287GB/s
"NVIDIA GeForce GTX 1060 (0)","_GLOBAL__N__c5035a89_14_fa2_forward_cu_26943507::fa2_forward_fp32_kernel(float const *, float const *, float const *, float*, int, int, float, bool)",1,"gld_efficiency","Global Memory Load Efficiency",100.000000%,100.000000%,100.000000%
==395205== Warning: One or more events or metrics overflowed. Rerun with "--print-gpu-trace" for detail.
