payload_bytes,world_size,count,mean_ms,std_ms,median_ms,p95_ms,cv_percent,algbw_GBps,normalized_busbw_GBps
1000000,2,60,0.8118734333333334,0.05653422761164741,0.806122,0.9099067999999999,6.963428693501291,1.231719081993199,1.231719081993199
1000000,4,60,2.2884845166666663,0.3500690136042935,2.2292065,2.7235576999999997,15.296979772194083,0.4369704023414448,0.6554556035121673
1000000,6,60,7.403926583333333,3.1943154867401993,7.1562114999999995,11.839127299999998,43.14353270237429,0.13506346784300347,0.22510577973833912
10000000,2,60,4.31924535,0.253681622224645,4.275358,4.8014291,5.873285763325415,2.3152192546783668,2.3152192546783668
10000000,4,60,8.0210528,0.9279484410764749,7.8569984999999996,9.32798605,11.568910767879187,1.2467191339271575,1.8700787008907362
10000000,6,60,17.684208566666666,3.2583472739119106,17.661088,23.9279396,18.425180078760423,0.5654762531385887,0.9424604218976479
100000000,2,60,47.76712621666666,1.6090210615525524,47.473348,50.256981499999995,3.3684694663317236,2.0934899777393037,2.0934899777393037
100000000,4,60,80.78689238333332,6.744424038054062,78.554404,91.6271175,8.34841375758311,1.2378245659642482,1.8567368489463723
100000000,6,60,124.07827373333333,8.93357777980426,122.05750950000001,140.1848234,7.199953312538935,0.8059428696994778,1.3432381161657965
1000000000,2,60,495.3748084333334,29.589492671858274,486.2214735,564.65154765,5.9731524833565235,2.0186735033268817,2.0186735033268817
1000000000,4,60,800.6968895000001,36.5176161476624,789.2140770000001,885.3780785,4.5607291131686605,1.248912057875554,1.873368086813331
1000000000,6,60,1121.3249323166667,53.376992051374344,1110.1961305,1206.3293957499998,4.760171696271573,0.8918021629412909,1.4863369382354847
