variant,repeat,collective_calls_per_step,gradient_payload_bytes,step_mean_ms,step_std_ms,step_median_ms,step_p95_ms,sync_wait_mean_ms,sync_wait_std_ms,sync_wait_fraction_percent,sync_timing_semantics
naive,0,21,460032,19.6801236,0.8544870785109856,19.590106,20.8325267,12.4582228,0.7917502366756577,63.30358006491381,complete post-backward gradient synchronization
naive,1,21,460032,19.7629582,0.9868792443327402,19.8722275,21.1158744,12.4816895,0.8327118086056243,63.15698982756539,complete post-backward gradient synchronization
naive,2,21,460032,21.2628719,1.0713683533395455,21.107654500000002,22.82567035,13.281762,0.8487944670469995,62.464572342177355,complete post-backward gradient synchronization
flat,0,1,460032,9.265560599999999,1.1172222934246527,8.890049,11.265784649999999,2.0396345,0.8598276219727127,22.013071718509945,complete post-backward gradient synchronization
flat,1,1,460032,8.1342713,0.5481491812671166,7.980331,9.1080996,1.5174003,0.2668343771349749,18.654409768702944,complete post-backward gradient synchronization
flat,2,1,460032,8.126120199999999,0.14419689062999927,8.0565045,8.3617207,1.4220454999999999,0.14341761563577188,17.49968576640055,complete post-backward gradient synchronization
overlap,0,21,460032,15.8435108,0.4465202489952274,15.8896105,16.37441865,6.8882881,0.3745886458467342,43.47703098734909,post-backward tail wait only; all-reduces are launched during backward
overlap,1,21,460032,16.1507825,1.00374018329628,16.09485,17.64653515,6.579331999999999,1.1803811484871318,40.736924046868936,post-backward tail wait only; all-reduces are launched during backward
overlap,2,21,460032,14.1346665,0.5562034462833273,14.1791015,14.8275742,5.7461313,0.5936526230606667,40.65275470065035,post-backward tail wait only; all-reduces are launched during backward
